/*
SQLyog Ultimate - MySQL GUI v8.21 
MySQL - 5.5.37 : Database - b_makeuptao
*********************************************************************
*/

/*!40101 SET NAMES utf8 */;

/*!40101 SET SQL_MODE=''*/;

/*!40014 SET @OLD_UNIQUE_CHECKS=@@UNIQUE_CHECKS, UNIQUE_CHECKS=0 */;
/*!40014 SET @OLD_FOREIGN_KEY_CHECKS=@@FOREIGN_KEY_CHECKS, FOREIGN_KEY_CHECKS=0 */;
/*!40101 SET @OLD_SQL_MODE=@@SQL_MODE, SQL_MODE='NO_AUTO_VALUE_ON_ZERO' */;
/*!40111 SET @OLD_SQL_NOTES=@@SQL_NOTES, SQL_NOTES=0 */;
CREATE DATABASE /*!32312 IF NOT EXISTS*/`b_makeuptao` /*!40100 DEFAULT CHARACTER SET utf8 */;

USE `b_makeuptao`;

/*Table structure for table `address` */

DROP TABLE IF EXISTS `address`;

CREATE TABLE `address` (
  `address_id` int(11) NOT NULL AUTO_INCREMENT COMMENT '地址id',
  `user_id` int(11) NOT NULL COMMENT '用户id',
  `address_name` varchar(20) NOT NULL COMMENT '用户姓名',
  `address_tel` varchar(20) NOT NULL COMMENT '地址信息中电话信息',
  `address_add` varchar(100) NOT NULL COMMENT '具体地址信息',
  `address_state` int(11) NOT NULL COMMENT '默认地址标识，1代表默认，0代表非默认',
  PRIMARY KEY (`address_id`)
) ENGINE=InnoDB DEFAULT CHARSET=utf8 COMMENT='收货地址表';

/*Data for the table `address` */

LOCK TABLES `address` WRITE;

UNLOCK TABLES;

/*Table structure for table `boss` */

DROP TABLE IF EXISTS `boss`;

CREATE TABLE `boss` (
  `boss_id` int(11) NOT NULL AUTO_INCREMENT COMMENT '超级管理员id',
  `boss_name` varchar(20) NOT NULL COMMENT '超级管理员账号',
  `boss_password` varchar(20) NOT NULL COMMENT '超级管理员密码',
  PRIMARY KEY (`boss_id`)
) ENGINE=InnoDB DEFAULT CHARSET=utf8 COMMENT='超级管理员表';

/*Data for the table `boss` */

LOCK TABLES `boss` WRITE;

UNLOCK TABLES;

/*Table structure for table `brands` */

DROP TABLE IF EXISTS `brands`;

CREATE TABLE `brands` (
  `brand_id` int(11) NOT NULL AUTO_INCREMENT COMMENT '品牌id',
  `brand_name` varchar(20) NOT NULL COMMENT '品牌名称',
  `brand_picture` varchar(50) DEFAULT '0' COMMENT '品牌照片',
  PRIMARY KEY (`brand_id`)
) ENGINE=InnoDB AUTO_INCREMENT=4 DEFAULT CHARSET=utf8 COMMENT='品牌表';

/*Data for the table `brands` */

LOCK TABLES `brands` WRITE;

insert  into `brands`(`brand_id`,`brand_name`,`brand_picture`) values (1,'ysl',''),(2,'自然堂',''),(3,'悦诗风吟','');

UNLOCK TABLES;

/*Table structure for table `carts` */

DROP TABLE IF EXISTS `carts`;

CREATE TABLE `carts` (
  `user_id` int(11) NOT NULL COMMENT '用户id',
  `cart_id` int(11) NOT NULL AUTO_INCREMENT COMMENT '购物车id',
  `pro_shop_id` int(11) NOT NULL COMMENT '商家-商品联系表id',
  `cart_num` int(11) NOT NULL COMMENT '购物车中某一商品的数量',
  PRIMARY KEY (`cart_id`)
) ENGINE=InnoDB AUTO_INCREMENT=45 DEFAULT CHARSET=utf8 COMMENT='购物车表';

/*Data for the table `carts` */

LOCK TABLES `carts` WRITE;

insert  into `carts`(`user_id`,`cart_id`,`pro_shop_id`,`cart_num`) values (2,2,123,213),(1,3,123,123),(1,4,1,1),(1,5,1,1),(20,6,20,20),(3,7,31,3),(3,8,31,5888888),(3,9,7,2),(3,10,7,2),(3,11,7,2),(3,12,7,2),(3,13,7,2),(3,14,7,2),(3,15,7,2),(3,16,7,2),(1,17,6,3),(1,18,6,3),(3,19,7,2),(1,20,6,3),(3,21,7,2),(1,22,6,3),(3,23,7,2),(3,24,7,2),(1,25,6,3),(3,26,7,2),(3,27,7,2),(3,28,7,2),(3,29,7,2),(3,30,7,2),(3,31,7,2),(3,32,7,2),(3,33,7,2),(3,34,7,2),(3,35,7,2),(3,36,7,2),(1,37,6,3),(3,38,7,2),(3,39,7,2),(3,40,7,2),(1,41,6,3),(3,42,7,2),(1,43,6,3),(1,44,6,3);

UNLOCK TABLES;

/*Table structure for table `collect` */

DROP TABLE IF EXISTS `collect`;

CREATE TABLE `collect` (
  `collect_id` int(11) NOT NULL AUTO_INCREMENT COMMENT '收藏表id',
  `user_id` int(11) NOT NULL COMMENT '用户id',
  `pro_shop_id` int(11) NOT NULL COMMENT '商品商家联系表id',
  PRIMARY KEY (`collect_id`)
) ENGINE=InnoDB DEFAULT CHARSET=utf8 COMMENT='收藏表';

/*Data for the table `collect` */

LOCK TABLES `collect` WRITE;

UNLOCK TABLES;

/*Table structure for table `feet` */

DROP TABLE IF EXISTS `feet`;

CREATE TABLE `feet` (
  `feet_id` int(11) NOT NULL AUTO_INCREMENT COMMENT '足迹表id',
  `user_id` int(11) NOT NULL COMMENT '用户id',
  `pro_shop_id` int(11) NOT NULL COMMENT '商品商家联系表id',
  `feet_time` date NOT NULL COMMENT '浏览时间',
  PRIMARY KEY (`feet_id`)
) ENGINE=InnoDB DEFAULT CHARSET=utf8 COMMENT='足迹表';

/*Data for the table `feet` */

LOCK TABLES `feet` WRITE;

UNLOCK TABLES;

/*Table structure for table `kinds` */

DROP TABLE IF EXISTS `kinds`;

CREATE TABLE `kinds` (
  `kind_id` tinyint(4) NOT NULL AUTO_INCREMENT COMMENT '种类表id',
  `kind_max` varchar(20) NOT NULL COMMENT '大类别名称',
  `kind_min` varchar(20) NOT NULL COMMENT '小类别名称',
  `max_photo` varchar(50) DEFAULT NULL COMMENT '大类照片',
  `min_photo` varchar(50) DEFAULT NULL COMMENT '小类照片',
  PRIMARY KEY (`kind_id`)
) ENGINE=InnoDB AUTO_INCREMENT=24 DEFAULT CHARSET=utf8 COMMENT='种类表';

/*Data for the table `kinds` */

LOCK TABLES `kinds` WRITE;

insert  into `kinds`(`kind_id`,`kind_max`,`kind_min`,`max_photo`,`min_photo`) values (2,'底妆','31','http://ozxb0em6i.bkt.clouddn.com/106440_205.jpg','http://ozxb0em6i.bkt.clouddn.com/106448_205.jpg'),(3,'底妆','32','http://ozxb0em6i.bkt.clouddn.com/106454_205.jpg','http://ozxb0em6i.bkt.clouddn.com/106454_205.jpg'),(4,'底妆','87','http://ozxb0em6i.bkt.clouddn.com/106577_205.jpg','http://ozxb0em6i.bkt.clouddn.com/106573_205.jpg'),(5,'唇妆','31','http://ozxb0em6i.bkt.clouddn.com/106577_205.jpg','http://ozxb0em6i.bkt.clouddn.com/106580_205.jpg'),(6,'唇妆','33','http://ozxb0em6i.bkt.clouddn.com/106577_205.jpg','http://ozxb0em6i.bkt.clouddn.com/106582_205.jpg'),(7,'唇妆','38','http://ozxb0em6i.bkt.clouddn.com/106577_205.jpg','http://ozxb0em6i.bkt.clouddn.com/106577_205.jpg'),(8,'眼妆','31','http://ozxb0em6i.bkt.clouddn.com/107315_205.jpg','http://ozxb0em6i.bkt.clouddn.com/107246_422.jpg'),(9,'眼妆','32','http://ozxb0em6i.bkt.clouddn.com/107315_205.jpg','http://ozxb0em6i.bkt.clouddn.com/4302_205.jpg'),(10,'眼妆','87','http://ozxb0em6i.bkt.clouddn.com/107315_205.jpg','http://ozxb0em6i.bkt.clouddn.com/107315_205.jpg'),(11,'护肤','33','http://ozxb0em6i.bkt.clouddn.com/106876_422.jpg','http://ozxb0em6i.bkt.clouddn.com/106873_422.jpg'),(12,'护肤','38','http://ozxb0em6i.bkt.clouddn.com/106876_422.jpg','http://ozxb0em6i.bkt.clouddn.com/106867_205.jpg'),(13,'香水','31','http://ozxb0em6i.bkt.clouddn.com/106865_205.jpg','http://ozxb0em6i.bkt.clouddn.com/106593_205.jpg'),(14,'香水','32','http://ozxb0em6i.bkt.clouddn.com/106865_205.jpg','http://ozxb0em6i.bkt.clouddn.com/a1.jpg'),(15,'美甲','87','http://ozxb0em6i.bkt.clouddn.com/a123.jpg','http://ozxb0em6i.bkt.clouddn.com/rein.jpg'),(16,'美甲','33','http://ozxb0em6i.bkt.clouddn.com/a123.jpg','http://ozxb0em6i.bkt.clouddn.com/316014_205.jpg'),(17,'美甲','38','http://ozxb0em6i.bkt.clouddn.com/a123.jpg','http://ozxb0em6i.bkt.clouddn.com/316013_205.jpg'),(18,'男士专场','31','http://ozxb0em6i.bkt.clouddn.com/316012_205.jpg','http://ozxb0em6i.bkt.clouddn.com/316011_205.jpg'),(19,'男士专场','32','http://ozxb0em6i.bkt.clouddn.com/316012_205.jpg','http://ozxb0em6i.bkt.clouddn.com/316010_205.jpg'),(20,'男士专场','87','http://ozxb0em6i.bkt.clouddn.com/316012_205.jpg','http://ozxb0em6i.bkt.clouddn.com/316001_205.jpg'),(21,'男士专场','33','http://ozxb0em6i.bkt.clouddn.com/316012_205.jpg','http://ozxb0em6i.bkt.clouddn.com/315983_205.jpg'),(22,'美容','38','http://ozxb0em6i.bkt.clouddn.com/315982_205.jpg','http://ozxb0em6i.bkt.clouddn.com/315976_422.jpg');

UNLOCK TABLES;

/*Table structure for table `manangers` */

DROP TABLE IF EXISTS `manangers`;

CREATE TABLE `manangers` (
  `mananger_id` int(11) NOT NULL AUTO_INCREMENT COMMENT '管理员id',
  `mananger_name` varchar(20) NOT NULL COMMENT '管理员账号',
  `mananger_password` varchar(20) NOT NULL COMMENT '管理员密码',
  PRIMARY KEY (`mananger_id`)
) ENGINE=InnoDB DEFAULT CHARSET=utf8 COMMENT='管理员表';

/*Data for the table `manangers` */

LOCK TABLES `manangers` WRITE;

UNLOCK TABLES;

/*Table structure for table `orders` */

DROP TABLE IF EXISTS `orders`;

CREATE TABLE `orders` (
  `order_id` int(11) NOT NULL AUTO_INCREMENT COMMENT '订单id',
  `user_id` int(11) NOT NULL COMMENT '用户id',
  `order_state` int(11) NOT NULL COMMENT '订单状态：1代表 待付款；2代表 待收货；3代表 已完成',
  `order_time` date NOT NULL COMMENT '订单创建时间',
  `address_id` int(11) NOT NULL COMMENT '收货地址id',
  `order_money` int(11) NOT NULL COMMENT '订单总钱数',
  `order_message` varchar(120) NOT NULL,
  PRIMARY KEY (`order_id`)
) ENGINE=InnoDB AUTO_INCREMENT=283 DEFAULT CHARSET=utf8 COMMENT='订单表';

/*Data for the table `orders` */

LOCK TABLES `orders` WRITE;

insert  into `orders`(`order_id`,`user_id`,`order_state`,`order_time`,`address_id`,`order_money`,`order_message`) values (7,1,1,'2018-01-25',1,5000,'崔佳欢是煞笔'),(9,1,1,'2018-01-25',1,5000,'崔佳欢是煞笔'),(10,1,1,'2018-01-25',1,5000,'崔佳欢是煞笔'),(11,1,1,'2018-01-25',1,5000,'崔佳欢是煞笔'),(12,1,1,'2018-01-25',1,5000,'崔佳欢是煞笔'),(13,1,1,'2018-01-25',1,5000,'崔佳欢是煞笔'),(14,1,1,'2018-01-25',1,5000,'崔佳欢是煞笔'),(15,1,1,'2018-01-25',1,5000,'崔佳欢是煞笔'),(16,1,1,'2018-01-25',1,5000,'崔佳欢是煞笔'),(17,1,1,'2018-01-25',1,5000,'崔佳欢是煞笔'),(18,1,1,'2018-01-25',1,5000,'崔佳欢是煞笔'),(19,1,1,'2018-01-25',1,5000,'崔佳欢是煞笔'),(20,1,1,'2018-01-25',1,5000,'崔佳欢是煞笔'),(21,1,1,'2018-01-25',1,5000,'崔佳欢是煞笔'),(22,1,1,'2018-01-25',1,5000,'崔佳欢是煞笔'),(23,1,1,'2018-01-25',1,5000,'崔佳欢是煞笔'),(24,1,1,'2018-01-25',1,5000,'崔佳欢是煞笔'),(25,1,1,'2018-01-25',1,5000,'崔佳欢是煞笔'),(26,1,1,'2018-01-25',1,5000,'崔佳欢是煞笔'),(27,1,1,'2018-01-25',1,5000,'崔佳欢是煞笔'),(28,1,1,'2018-01-25',1,5000,'崔佳欢是煞笔'),(29,1,1,'2018-01-25',1,5000,'崔佳欢是煞笔'),(30,1,1,'2018-01-25',1,5000,'崔佳欢是煞笔'),(31,1,1,'2018-01-25',1,5000,'崔佳欢是煞笔'),(32,1,1,'2018-01-25',1,5000,'崔佳欢是煞笔'),(33,1,1,'2018-01-25',1,5000,'崔佳欢是煞笔'),(34,1,1,'2018-01-25',1,5000,'崔佳欢是煞笔'),(35,1,1,'2018-01-25',1,5000,'崔佳欢是煞笔'),(36,1,1,'2018-01-25',1,5000,'崔佳欢是煞笔'),(37,1,1,'2018-01-25',1,5000,'崔佳欢是煞笔'),(38,1,1,'2018-01-25',1,5000,'崔佳欢是煞笔'),(39,1,1,'2018-01-25',1,5000,'崔佳欢是煞笔'),(40,1,1,'2018-01-25',1,5000,'崔佳欢是煞笔'),(41,1,1,'2018-01-25',1,5000,'崔佳欢是煞笔'),(42,1,1,'2018-01-25',1,5000,'崔佳欢是煞笔'),(43,1,1,'2018-01-25',1,5000,'崔佳欢是煞笔'),(44,1,1,'2018-01-25',1,5000,'崔佳欢是煞笔'),(45,1,1,'2018-01-25',1,5000,'崔佳欢是煞笔'),(46,1,1,'2018-01-25',1,5000,'崔佳欢是煞笔'),(47,1,1,'2018-01-25',1,5000,'崔佳欢是煞笔'),(48,1,1,'2018-01-25',1,5000,'崔佳欢是煞笔'),(49,1,1,'2018-01-25',1,5000,'崔佳欢是煞笔'),(50,1,1,'2018-01-25',1,5000,'崔佳欢是煞笔'),(51,1,1,'2018-01-25',1,5000,'崔佳欢是煞笔'),(52,1,1,'2018-01-25',1,5000,'崔佳欢是煞笔'),(53,1,1,'2018-01-25',1,5000,'崔佳欢是煞笔'),(54,1,1,'2018-01-25',1,5000,'崔佳欢是煞笔'),(55,1,1,'2018-01-25',1,5000,'崔佳欢是煞笔'),(56,1,1,'2018-01-25',1,5000,'崔佳欢是煞笔'),(57,1,1,'2018-01-25',1,5000,'崔佳欢是煞笔'),(58,1,1,'2018-01-25',1,5000,'崔佳欢是煞笔'),(59,1,1,'2018-01-25',1,5000,'崔佳欢是煞笔'),(60,1,1,'2018-01-25',1,5000,'崔佳欢是煞笔'),(61,1,1,'2018-01-26',1,5000,'崔佳欢是煞笔'),(62,1,1,'2018-01-26',1,5000,'崔佳欢是煞笔'),(63,1,1,'2018-01-26',1,5000,'崔佳欢是煞笔'),(64,1,1,'2018-01-26',1,5000,'崔佳欢是煞笔'),(65,1,1,'2018-01-26',1,5000,'崔佳欢是煞笔'),(66,1,1,'2018-01-26',1,5000,'崔佳欢是煞笔'),(67,1,1,'2018-01-26',1,5000,'崔佳欢是煞笔'),(68,1,1,'2018-01-26',1,5000,'崔佳欢是煞笔'),(69,1,1,'2018-01-26',1,5000,'崔佳欢是煞笔'),(70,1,1,'2018-01-26',1,5000,'崔佳欢是煞笔'),(71,1,1,'2018-01-26',1,5000,'崔佳欢是煞笔'),(72,1,1,'2018-01-26',1,5000,'崔佳欢是煞笔'),(73,1,1,'2018-01-26',1,5000,'崔佳欢是煞笔'),(74,1,1,'2018-01-26',1,5000,'崔佳欢是煞笔'),(75,1,1,'2018-01-26',1,5000,'崔佳欢是煞笔'),(76,1,1,'2018-01-26',1,5000,'崔佳欢是煞笔'),(77,1,1,'2018-01-26',1,5000,'崔佳欢是煞笔'),(78,1,1,'2018-01-26',1,5000,'崔佳欢是煞笔'),(79,1,1,'2018-01-26',1,5000,'崔佳欢是煞笔'),(80,1,1,'2018-01-26',1,5000,'崔佳欢是煞笔'),(81,1,1,'2018-01-26',1,5000,'崔佳欢是煞笔'),(82,1,1,'2018-01-26',1,5000,'崔佳欢是煞笔'),(83,1,1,'2018-01-26',1,5000,'崔佳欢是煞笔'),(84,1,1,'2018-01-26',1,5000,'崔佳欢是煞笔'),(85,1,1,'2018-01-26',1,5000,'崔佳欢是煞笔'),(86,1,1,'2018-01-26',1,5000,'崔佳欢是煞笔'),(87,1,1,'2018-01-26',1,5000,'崔佳欢是煞笔'),(88,1,1,'2018-01-26',1,5000,'崔佳欢是煞笔'),(89,1,1,'2018-01-26',1,5000,'崔佳欢是煞笔'),(90,1,1,'2018-01-26',1,5000,'崔佳欢是煞笔'),(91,1,1,'2018-01-26',1,5000,'崔佳欢是煞笔'),(92,1,1,'2018-01-26',1,5000,'崔佳欢是煞笔'),(93,1,1,'2018-01-26',1,5000,'崔佳欢是煞笔'),(94,1,1,'2018-01-26',1,5000,'崔佳欢是煞笔'),(95,1,1,'2018-01-26',1,5000,'崔佳欢是煞笔'),(96,1,1,'2018-01-26',1,5000,'崔佳欢是煞笔'),(97,1,1,'2018-01-26',1,5000,'崔佳欢是煞笔'),(98,1,1,'2018-01-26',1,5000,'崔佳欢是煞笔'),(99,1,1,'2018-01-26',1,5000,'崔佳欢是煞笔'),(100,1,1,'2018-01-26',1,5000,'崔佳欢是煞笔'),(101,1,1,'2018-01-26',1,5000,'崔佳欢是煞笔'),(102,1,1,'2018-01-26',1,5000,'崔佳欢是煞笔'),(103,1,1,'2018-01-26',1,5000,'崔佳欢是煞笔'),(104,1,1,'2018-01-26',1,5000,'崔佳欢是煞笔'),(105,1,1,'2018-01-26',1,5000,'崔佳欢是煞笔'),(106,1,1,'2018-01-26',1,5000,'崔佳欢是煞笔'),(107,1,1,'2018-01-26',1,5000,'崔佳欢是煞笔'),(108,1,1,'2018-01-26',1,5000,'崔佳欢是煞笔'),(109,1,1,'2018-01-26',1,5000,'崔佳欢是煞笔'),(110,1,1,'2018-01-26',1,5000,'崔佳欢是煞笔'),(111,1,1,'2018-01-26',1,5000,'崔佳欢是煞笔'),(112,1,1,'2018-01-26',1,5000,'崔佳欢是煞笔'),(113,1,1,'2018-01-26',1,5000,'崔佳欢是煞笔'),(114,1,1,'2018-01-26',1,5000,'崔佳欢是煞笔'),(115,1,1,'2018-01-26',1,5000,'崔佳欢是煞笔'),(116,1,1,'2018-01-26',1,5000,'崔佳欢是煞笔'),(117,1,1,'2018-01-26',1,5000,'崔佳欢是煞笔'),(118,1,1,'2018-01-26',1,5000,'崔佳欢是煞笔'),(119,1,1,'2018-01-26',1,5000,'崔佳欢是煞笔'),(120,1,1,'2018-01-26',1,5000,'崔佳欢是煞笔'),(121,1,1,'2018-01-26',1,5000,'崔佳欢是煞笔'),(122,1,1,'2018-01-26',1,5000,'崔佳欢是煞笔'),(123,1,1,'2018-01-26',1,5000,'崔佳欢是煞笔'),(124,1,1,'2018-01-26',1,5000,'崔佳欢是煞笔'),(125,1,1,'2018-01-26',1,5000,'崔佳欢是煞笔'),(126,1,1,'2018-01-26',1,5000,'崔佳欢是煞笔'),(127,1,1,'2018-01-26',1,5000,'崔佳欢是煞笔'),(128,1,1,'2018-01-26',1,5000,'崔佳欢是煞笔'),(129,1,1,'2018-01-26',1,5000,'崔佳欢是煞笔'),(130,1,1,'2018-01-26',1,5000,'崔佳欢是煞笔'),(131,1,1,'2018-01-26',1,5000,'崔佳欢是煞笔'),(132,1,1,'2018-01-26',1,5000,'崔佳欢是煞笔'),(133,1,1,'2018-01-26',1,5000,'崔佳欢是煞笔'),(134,1,1,'2018-01-26',1,5000,'崔佳欢是煞笔'),(135,1,1,'2018-01-26',1,5000,'崔佳欢是煞笔'),(136,1,1,'2018-01-26',1,5000,'崔佳欢是煞笔'),(137,1,1,'2018-01-26',1,5000,'崔佳欢是煞笔'),(138,1,1,'2018-01-26',1,5000,'崔佳欢是煞笔'),(139,1,1,'2018-01-26',1,5000,'崔佳欢是煞笔'),(140,1,1,'2018-01-26',1,5000,'崔佳欢是煞笔'),(141,1,1,'2018-01-26',1,5000,'崔佳欢是煞笔'),(142,1,1,'2018-01-26',1,5000,'崔佳欢是煞笔'),(143,1,1,'2018-01-26',1,5000,'崔佳欢是煞笔'),(144,1,1,'2018-01-26',1,5000,'崔佳欢是煞笔'),(145,1,1,'2018-01-26',1,5000,'崔佳欢是煞笔'),(146,1,1,'2018-01-26',1,5000,'崔佳欢是煞笔'),(147,1,1,'2018-01-26',1,5000,'崔佳欢是煞笔'),(148,1,1,'2018-01-26',1,5000,'崔佳欢是煞笔'),(149,1,1,'2018-01-26',1,5000,'崔佳欢是煞笔'),(150,1,1,'2018-01-26',1,5000,'崔佳欢是煞笔'),(151,1,1,'2018-01-26',1,5000,'崔佳欢是煞笔'),(152,1,1,'2018-01-26',1,5000,'崔佳欢是煞笔'),(153,1,1,'2018-01-26',1,5000,'崔佳欢是煞笔'),(154,1,1,'2018-01-26',1,5000,'崔佳欢是煞笔'),(155,1,1,'2018-01-26',1,5000,'崔佳欢是煞笔'),(156,1,1,'2018-01-26',1,5000,'崔佳欢是煞笔'),(157,1,1,'2018-01-26',1,5000,'崔佳欢是煞笔'),(158,1,1,'2018-01-26',1,5000,'崔佳欢是煞笔'),(159,1,1,'2018-01-26',1,5000,'崔佳欢是煞笔'),(160,1,1,'2018-01-26',1,5000,'崔佳欢是煞笔'),(161,1,1,'2018-01-26',1,5000,'崔佳欢是煞笔'),(162,1,1,'2018-01-26',1,5000,'崔佳欢是煞笔'),(163,1,1,'2018-01-26',1,5000,'崔佳欢是煞笔'),(164,1,1,'2018-01-26',1,5000,'崔佳欢是煞笔'),(165,1,1,'2018-01-26',1,5000,'崔佳欢是煞笔'),(166,1,1,'2018-01-26',1,5000,'崔佳欢是煞笔'),(167,1,1,'2018-01-26',1,5000,'崔佳欢是煞笔'),(168,1,1,'2018-01-26',1,5000,'崔佳欢是煞笔'),(169,1,1,'2018-01-26',1,5000,'崔佳欢是煞笔'),(170,1,1,'2018-01-26',1,5000,'崔佳欢是煞笔'),(171,1,1,'2018-01-26',1,5000,'崔佳欢是煞笔'),(172,1,1,'2018-01-26',1,5000,'崔佳欢是煞笔'),(173,1,1,'2018-01-26',1,5000,'崔佳欢是煞笔'),(174,1,1,'2018-01-26',1,5000,'崔佳欢是煞笔'),(175,1,1,'2018-01-26',1,5000,'崔佳欢是煞笔'),(176,1,1,'2018-01-26',1,5000,'崔佳欢是煞笔'),(177,1,1,'2018-01-26',1,5000,'崔佳欢是煞笔'),(178,1,1,'2018-01-26',1,5000,'崔佳欢是煞笔'),(179,1,1,'2018-01-26',1,5000,'崔佳欢是煞笔'),(180,1,1,'2018-01-26',1,5000,'崔佳欢是煞笔'),(181,1,1,'2018-01-26',1,5000,'崔佳欢是煞笔'),(182,1,1,'2018-01-26',1,5000,'崔佳欢是煞笔'),(183,1,1,'2018-01-26',1,5000,'崔佳欢是煞笔'),(184,1,1,'2018-01-26',1,5000,'崔佳欢是煞笔'),(185,1,1,'2018-01-26',1,5000,'崔佳欢是煞笔'),(186,1,1,'2018-01-26',1,5000,'崔佳欢是煞笔'),(187,1,1,'2018-01-26',1,5000,'崔佳欢是煞笔'),(188,1,1,'2018-01-26',1,5000,'崔佳欢是煞笔'),(189,1,1,'2018-01-26',1,5000,'崔佳欢是煞笔'),(190,1,1,'2018-01-26',1,5000,'崔佳欢是煞笔'),(191,1,1,'2018-01-26',1,5000,'崔佳欢是煞笔'),(192,1,1,'2018-01-26',1,5000,'崔佳欢是煞笔'),(193,1,1,'2018-01-26',1,5000,'崔佳欢是煞笔'),(194,1,1,'2018-01-26',1,5000,'崔佳欢是煞笔'),(195,1,1,'2018-01-26',1,5000,'崔佳欢是煞笔'),(196,1,1,'2018-01-26',1,5000,'崔佳欢是煞笔'),(197,1,1,'2018-01-26',1,5000,'崔佳欢是煞笔'),(198,1,1,'2018-01-26',1,5000,'崔佳欢是煞笔'),(199,1,1,'2018-01-26',1,5000,'崔佳欢是煞笔'),(200,1,1,'2018-01-26',1,5000,'崔佳欢是煞笔'),(201,1,1,'2018-01-26',1,5000,'崔佳欢是煞笔'),(202,1,1,'2018-01-26',1,5000,'崔佳欢是煞笔'),(203,1,1,'2018-01-26',1,5000,'崔佳欢是煞笔'),(204,1,1,'2018-01-26',1,5000,'崔佳欢是煞笔'),(205,1,1,'2018-01-26',1,5000,'崔佳欢是煞笔'),(206,1,1,'2018-01-26',1,5000,'崔佳欢是煞笔'),(207,1,1,'2018-01-26',1,5000,'崔佳欢是煞笔'),(208,1,1,'2018-01-26',1,5000,'崔佳欢是煞笔'),(209,1,1,'2018-01-26',1,5000,'崔佳欢是煞笔'),(210,1,1,'2018-01-26',1,5000,'崔佳欢是煞笔'),(211,1,1,'2018-01-26',1,5000,'崔佳欢是煞笔'),(212,1,1,'2018-01-26',1,5000,'崔佳欢是煞笔'),(213,1,1,'2018-01-26',1,5000,'崔佳欢是煞笔'),(214,1,1,'2018-01-26',1,5000,'崔佳欢是煞笔'),(215,1,1,'2018-01-26',1,5000,'崔佳欢是煞笔'),(216,1,1,'2018-01-26',1,5000,'崔佳欢是煞笔'),(217,1,1,'2018-01-26',1,5000,'崔佳欢是煞笔'),(218,1,1,'2018-01-26',1,5000,'崔佳欢是煞笔'),(219,1,1,'2018-01-26',1,5000,'崔佳欢是煞笔'),(220,1,1,'2018-01-26',1,5000,'崔佳欢是煞笔'),(221,1,1,'2018-01-26',1,5000,'崔佳欢是煞笔'),(222,1,1,'2018-01-26',1,5000,'崔佳欢是煞笔'),(223,1,1,'2018-01-26',1,5000,'崔佳欢是煞笔'),(224,1,1,'2018-01-26',1,5000,'崔佳欢是煞笔'),(225,1,1,'2018-01-26',1,5000,'崔佳欢是煞笔'),(226,1,1,'2018-01-26',1,5000,'崔佳欢是煞笔'),(227,1,1,'2018-01-26',1,5000,'崔佳欢是煞笔'),(228,1,1,'2018-01-26',1,5000,'崔佳欢是煞笔'),(229,1,1,'2018-01-26',1,5000,'崔佳欢是煞笔'),(230,1,1,'2018-01-26',1,5000,'崔佳欢是煞笔'),(231,1,1,'2018-01-26',1,5000,'崔佳欢是煞笔'),(232,1,1,'2018-01-26',1,5000,'崔佳欢是煞笔'),(233,1,1,'2018-01-26',1,5000,'崔佳欢是煞笔'),(234,1,1,'2018-01-26',1,5000,'崔佳欢是煞笔'),(235,1,1,'2018-01-26',1,5000,'崔佳欢是煞笔'),(236,1,1,'2018-01-26',1,5000,'崔佳欢是煞笔'),(237,1,1,'2018-01-26',1,5000,'崔佳欢是煞笔'),(238,1,1,'2018-01-26',1,5000,'崔佳欢是煞笔'),(239,1,1,'2018-01-26',1,5000,'崔佳欢是煞笔'),(240,1,1,'2018-01-26',1,5000,'崔佳欢是煞笔'),(241,1,1,'2018-01-26',1,5000,'崔佳欢是煞笔'),(242,1,1,'2018-01-26',1,5000,'崔佳欢是煞笔'),(243,1,1,'2018-01-26',1,5000,'崔佳欢是煞笔'),(244,1,1,'2018-01-26',1,5000,'崔佳欢是煞笔'),(245,1,1,'2018-01-26',1,5000,'崔佳欢是煞笔'),(246,1,1,'2018-01-26',1,5000,'崔佳欢是煞笔'),(247,1,1,'2018-01-26',1,5000,'崔佳欢是煞笔'),(248,1,1,'2018-01-26',1,5000,'崔佳欢是煞笔'),(249,1,1,'2018-01-26',1,5000,'崔佳欢是煞笔'),(250,1,1,'2018-01-26',1,5000,'崔佳欢是煞笔'),(251,1,1,'2018-01-26',1,5000,'崔佳欢是煞笔'),(252,1,1,'2018-01-26',1,5000,'崔佳欢是煞笔'),(253,1,1,'2018-01-26',1,5000,'崔佳欢是煞笔'),(254,1,1,'2018-01-26',1,5000,'崔佳欢是煞笔'),(255,1,1,'2018-01-26',1,5000,'崔佳欢是煞笔'),(256,1,1,'2018-01-26',1,5000,'崔佳欢是煞笔'),(257,1,1,'2018-01-26',1,5000,'崔佳欢是煞笔'),(258,1,1,'2018-01-26',1,5000,'崔佳欢是煞笔'),(259,1,1,'2018-01-26',1,5000,'崔佳欢是煞笔'),(260,1,1,'2018-01-26',1,5000,'崔佳欢是煞笔'),(261,1,1,'2018-01-26',1,5000,'崔佳欢是煞笔'),(262,1,1,'2018-01-26',1,5000,'崔佳欢是煞笔'),(263,1,1,'2018-01-26',1,5000,'崔佳欢是煞笔'),(264,1,1,'2018-01-26',1,5000,'崔佳欢是煞笔'),(265,1,1,'2018-01-26',1,5000,'崔佳欢是煞笔'),(266,1,1,'2018-01-26',1,5000,'崔佳欢是煞笔'),(267,1,1,'2018-01-26',1,5000,'崔佳欢是煞笔'),(268,1,1,'2018-01-26',1,5000,'崔佳欢是煞笔'),(269,1,1,'2018-01-26',1,5000,'崔佳欢是煞笔'),(270,1,1,'2018-01-26',1,5000,'崔佳欢是煞笔'),(271,1,1,'2018-01-26',1,5000,'王昭飞是煞笔'),(272,1,1,'2018-01-26',1,5000,'王昭飞是煞笔'),(273,1,1,'2018-01-26',1,5000,'王昭飞是煞笔'),(274,1,1,'2018-01-26',1,5000,'王昭飞是煞笔'),(275,1,1,'2018-01-26',1,5000,'王昭飞是煞笔'),(276,1,1,'2018-01-26',1,5000,'王昭飞是煞笔'),(277,1,1,'2018-01-26',1,5000,'王昭飞是煞笔'),(278,1,1,'2018-01-26',1,5000,'王昭飞是煞笔'),(279,1,1,'2018-01-26',1,5000,'王昭飞是煞笔'),(280,1,1,'2018-01-26',1,5000,'王昭飞是煞笔'),(281,1,1,'2018-01-26',1,5000,'王昭飞是煞笔'),(282,1,1,'2018-01-26',1,5000,'王昭飞是煞笔');

UNLOCK TABLES;

/*Table structure for table `payments` */

DROP TABLE IF EXISTS `payments`;

CREATE TABLE `payments` (
  `payment_id` int(11) NOT NULL AUTO_INCREMENT COMMENT '支付表id',
  `payment_money` int(11) NOT NULL COMMENT '支付总钱数',
  `payment_time` date NOT NULL COMMENT '支付时间',
  `pro_shop_order_id` int(11) NOT NULL COMMENT '商品商家订单联系表',
  `user_id` int(11) NOT NULL COMMENT '用户id',
  PRIMARY KEY (`payment_id`)
) ENGINE=InnoDB DEFAULT CHARSET=utf8 COMMENT='支付表';

/*Data for the table `payments` */

LOCK TABLES `payments` WRITE;

UNLOCK TABLES;

/*Table structure for table `pro_shop` */

DROP TABLE IF EXISTS `pro_shop`;

CREATE TABLE `pro_shop` (
  `pro_shop_id` int(11) NOT NULL AUTO_INCREMENT COMMENT '商品商家联系表id',
  `product_id` int(11) NOT NULL COMMENT '商品id',
  `shop_id` int(11) NOT NULL COMMENT '商家id',
  `pro_shop_pic` varchar(200) NOT NULL COMMENT '商品图片',
  `pro_shop_price` int(11) NOT NULL COMMENT '商品现价',
  `pro_shop_oldprice` int(11) NOT NULL COMMENT '商品原价',
  `pro_shop_num` int(11) NOT NULL COMMENT '商家-商品库存',
  `pro_shop_state` tinyint(4) NOT NULL COMMENT '商家-商品状态：1.在售 2.下架 3.删除',
  `pro_shop_spec` varchar(20) NOT NULL COMMENT '商家-商品规格',
  `pro_shop_desc` varchar(100) NOT NULL COMMENT '商家-商品描述',
  `pro_shop_sale` int(11) NOT NULL COMMENT '商家-商品销量',
  `pro_shop_time` date NOT NULL COMMENT '商家-商品上架时间',
  `pro_shop_look` int(11) NOT NULL DEFAULT '0' COMMENT '商家-商品浏览次数',
  `pro_shop_kind` varchar(20) NOT NULL COMMENT '商家-商品种类',
  `pro_shop_brand` varchar(20) NOT NULL COMMENT '商家-商品品牌',
  PRIMARY KEY (`pro_shop_id`)
) ENGINE=InnoDB AUTO_INCREMENT=3 DEFAULT CHARSET=utf8 COMMENT='商家-商品表';

/*Data for the table `pro_shop` */

LOCK TABLES `pro_shop` WRITE;

insert  into `pro_shop`(`pro_shop_id`,`product_id`,`shop_id`,`pro_shop_pic`,`pro_shop_price`,`pro_shop_oldprice`,`pro_shop_num`,`pro_shop_state`,`pro_shop_spec`,`pro_shop_desc`,`pro_shop_sale`,`pro_shop_time`,`pro_shop_look`,`pro_shop_kind`,`pro_shop_brand`) values (1,1,1,'1.jpg',38,50,500,1,'规格','这个很好用',1,'2018-01-12',10,'1','1'),(2,1,1,'1.jpg',38,50,500,1,'规格','这个很好用',1,'2018-01-12',10,'1','1');

UNLOCK TABLES;

/*Table structure for table `pro_shop_order` */

DROP TABLE IF EXISTS `pro_shop_order`;

CREATE TABLE `pro_shop_order` (
  `pro_shop_order_id` int(11) NOT NULL AUTO_INCREMENT COMMENT '商家-商品-订单id',
  `pro_shop_id` int(11) NOT NULL COMMENT '商家-商品联系表id',
  `order_id` int(11) NOT NULL COMMENT '订单id',
  `pro_shop_order_price` int(11) NOT NULL COMMENT '订单中一件具体商品的现价',
  `pro_shop_order_oldprice` int(11) NOT NULL COMMENT '订单中一件具体商品的原价',
  `pro_shop_order_name` varchar(50) NOT NULL COMMENT '订单中一件具体商品的名称',
  `pro_shop_order_number` int(11) NOT NULL COMMENT '订单中一件具体商品的数量',
  PRIMARY KEY (`pro_shop_order_id`)
) ENGINE=InnoDB AUTO_INCREMENT=283 DEFAULT CHARSET=utf8 COMMENT='商家-商品-订单联系表';

/*Data for the table `pro_shop_order` */

LOCK TABLES `pro_shop_order` WRITE;

insert  into `pro_shop_order`(`pro_shop_order_id`,`pro_shop_id`,`order_id`,`pro_shop_order_price`,`pro_shop_order_oldprice`,`pro_shop_order_name`,`pro_shop_order_number`) values (7,1,0,38,50,'吃的',1),(9,1,0,38,50,'吃的',1),(10,2,0,38,50,'喝的',3),(11,1,0,38,50,'吃的',1),(12,2,0,38,50,'喝的',3),(13,1,0,38,50,'吃的',1),(14,2,0,38,50,'喝的',3),(15,1,0,38,50,'吃的',1),(16,2,0,38,50,'喝的',3),(17,1,0,38,50,'吃的',1),(18,2,0,38,50,'喝的',3),(19,1,0,38,50,'吃的',1),(20,2,0,38,50,'喝的',3),(21,1,0,38,50,'吃的',1),(22,2,0,38,50,'喝的',3),(23,1,0,38,50,'吃的',1),(24,2,0,38,50,'喝的',3),(25,1,0,38,50,'吃的',1),(26,2,0,38,50,'喝的',3),(27,1,0,38,50,'吃的',1),(28,2,0,38,50,'喝的',3),(29,1,0,38,50,'吃的',1),(30,2,0,38,50,'喝的',3),(31,1,0,38,50,'吃的',1),(32,2,0,38,50,'喝的',3),(33,1,0,38,50,'吃的',1),(34,2,0,38,50,'喝的',3),(35,1,0,38,50,'吃的',1),(36,2,0,38,50,'喝的',3),(37,1,0,38,50,'吃的',1),(38,2,0,38,50,'喝的',3),(39,1,0,38,50,'吃的',1),(40,2,0,38,50,'喝的',3),(41,1,0,38,50,'吃的',1),(42,2,0,38,50,'喝的',3),(43,1,0,38,50,'吃的',1),(44,2,0,38,50,'喝的',3),(45,1,0,38,50,'吃的',1),(46,2,0,38,50,'喝的',3),(47,1,0,38,50,'吃的',1),(48,2,0,38,50,'喝的',3),(49,1,0,38,50,'吃的',1),(50,2,0,38,50,'喝的',3),(51,1,0,38,50,'吃的',1),(52,2,0,38,50,'喝的',3),(53,1,0,38,50,'吃的',1),(54,2,0,38,50,'喝的',3),(55,1,0,38,50,'吃的',1),(56,2,0,38,50,'喝的',3),(57,1,0,38,50,'吃的',1),(58,2,0,38,50,'喝的',3),(59,1,0,38,50,'吃的',1),(60,2,0,38,50,'喝的',3),(61,1,0,38,50,'吃的',1),(62,2,0,38,50,'喝的',3),(63,1,0,38,50,'吃的',1),(64,2,0,38,50,'喝的',3),(65,1,0,38,50,'吃的',1),(66,2,0,38,50,'喝的',3),(67,1,0,38,50,'吃的',1),(68,2,0,38,50,'喝的',3),(69,1,0,38,50,'吃的',1),(70,2,0,38,50,'喝的',3),(71,1,0,38,50,'吃的',1),(72,2,0,38,50,'喝的',3),(73,1,0,38,50,'吃的',1),(74,2,0,38,50,'喝的',3),(75,1,0,38,50,'吃的',1),(76,2,0,38,50,'喝的',3),(77,1,0,38,50,'吃的',1),(78,2,0,38,50,'喝的',3),(79,1,0,38,50,'吃的',1),(80,2,0,38,50,'喝的',3),(81,1,0,38,50,'吃的',1),(82,2,0,38,50,'喝的',3),(83,1,0,38,50,'吃的',1),(84,2,0,38,50,'喝的',3),(85,1,0,38,50,'吃的',1),(86,2,0,38,50,'喝的',3),(87,1,0,38,50,'吃的',1),(88,2,0,38,50,'喝的',3),(89,1,0,38,50,'吃的',1),(90,2,0,38,50,'喝的',3),(91,1,0,38,50,'吃的',1),(92,2,0,38,50,'喝的',3),(93,1,0,38,50,'吃的',1),(94,2,0,38,50,'喝的',3),(95,1,0,38,50,'吃的',1),(96,2,0,38,50,'喝的',3),(97,1,0,38,50,'吃的',1),(98,2,0,38,50,'喝的',3),(99,1,0,38,50,'吃的',1),(100,2,0,38,50,'喝的',3),(101,1,0,38,50,'吃的',1),(102,2,0,38,50,'喝的',3),(103,1,0,38,50,'吃的',1),(104,2,0,38,50,'喝的',3),(105,1,0,38,50,'吃的',1),(106,2,0,38,50,'喝的',3),(107,1,0,38,50,'吃的',1),(108,2,0,38,50,'喝的',3),(109,1,0,38,50,'吃的',1),(110,2,0,38,50,'喝的',3),(111,1,0,38,50,'吃的',1),(112,2,0,38,50,'喝的',3),(113,1,0,38,50,'吃的',1),(114,2,0,38,50,'喝的',3),(115,1,0,38,50,'吃的',1),(116,2,0,38,50,'喝的',3),(117,1,0,38,50,'吃的',1),(118,2,0,38,50,'喝的',3),(119,1,0,38,50,'吃的',1),(120,2,0,38,50,'喝的',3),(121,1,0,38,50,'吃的',1),(122,2,0,38,50,'喝的',3),(123,1,0,38,50,'吃的',1),(124,2,0,38,50,'喝的',3),(125,1,0,38,50,'吃的',1),(126,2,0,38,50,'喝的',3),(127,1,0,38,50,'吃的',1),(128,2,0,38,50,'喝的',3),(129,1,0,38,50,'吃的',1),(130,2,0,38,50,'喝的',3),(131,1,0,38,50,'吃的',1),(132,2,0,38,50,'喝的',3),(133,1,0,38,50,'吃的',1),(134,2,0,38,50,'喝的',3),(135,1,0,38,50,'吃的',1),(136,2,0,38,50,'喝的',3),(137,1,0,38,50,'吃的',1),(138,2,0,38,50,'喝的',3),(139,1,0,38,50,'吃的',1),(140,2,0,38,50,'喝的',3),(141,1,0,38,50,'吃的',1),(142,2,0,38,50,'喝的',3),(143,1,0,38,50,'吃的',1),(144,2,0,38,50,'喝的',3),(145,1,0,38,50,'吃的',1),(146,2,0,38,50,'喝的',3),(147,1,0,38,50,'吃的',1),(148,2,0,38,50,'喝的',3),(149,1,0,38,50,'吃的',1),(150,2,0,38,50,'喝的',3),(151,1,0,38,50,'吃的',1),(152,2,0,38,50,'喝的',3),(153,1,0,38,50,'吃的',1),(154,2,0,38,50,'喝的',3),(155,1,0,38,50,'吃的',1),(156,2,0,38,50,'喝的',3),(157,1,0,38,50,'吃的',1),(158,2,0,38,50,'喝的',3),(159,1,0,38,50,'吃的',1),(160,2,0,38,50,'喝的',3),(161,1,0,38,50,'吃的',1),(162,2,0,38,50,'喝的',3),(163,1,0,38,50,'吃的',1),(164,2,0,38,50,'喝的',3),(165,1,0,38,50,'吃的',1),(166,2,0,38,50,'喝的',3),(167,1,0,38,50,'吃的',1),(168,2,0,38,50,'喝的',3),(169,1,0,38,50,'吃的',1),(170,2,0,38,50,'喝的',3),(171,1,0,38,50,'吃的',1),(172,2,0,38,50,'喝的',3),(173,1,0,38,50,'吃的',1),(174,2,0,38,50,'喝的',3),(175,1,0,38,50,'吃的',1),(176,2,0,38,50,'喝的',3),(177,1,0,38,50,'吃的',1),(178,2,0,38,50,'喝的',3),(179,1,0,38,50,'吃的',1),(180,2,0,38,50,'喝的',3),(181,1,0,38,50,'吃的',1),(182,2,0,38,50,'喝的',3),(183,1,0,38,50,'吃的',1),(184,2,0,38,50,'喝的',3),(185,1,0,38,50,'吃的',1),(186,2,0,38,50,'喝的',3),(187,1,0,38,50,'吃的',1),(188,2,0,38,50,'喝的',3),(189,1,0,38,50,'吃的',1),(190,2,0,38,50,'喝的',3),(191,1,0,38,50,'吃的',1),(192,2,0,38,50,'喝的',3),(193,1,0,38,50,'吃的',1),(194,2,0,38,50,'喝的',3),(195,1,0,38,50,'吃的',1),(196,2,0,38,50,'喝的',3),(197,1,0,38,50,'吃的',1),(198,2,0,38,50,'喝的',3),(199,1,0,38,50,'吃的',1),(200,2,0,38,50,'喝的',3),(201,1,0,38,50,'吃的',1),(202,2,0,38,50,'喝的',3),(203,1,0,38,50,'吃的',1),(204,2,0,38,50,'喝的',3),(205,1,0,38,50,'吃的',1),(206,2,0,38,50,'喝的',3),(207,1,0,38,50,'吃的',1),(208,2,0,38,50,'喝的',3),(209,1,0,38,50,'吃的',1),(210,2,0,38,50,'喝的',3),(211,1,0,38,50,'吃的',1),(212,2,0,38,50,'喝的',3),(213,1,0,38,50,'吃的',1),(214,2,0,38,50,'喝的',3),(215,1,0,38,50,'吃的',1),(216,2,0,38,50,'喝的',3),(217,1,0,38,50,'吃的',1),(218,2,0,38,50,'喝的',3),(219,1,0,38,50,'吃的',1),(220,2,0,38,50,'喝的',3),(221,1,0,38,50,'吃的',1),(222,2,0,38,50,'喝的',3),(223,1,0,38,50,'吃的',1),(224,2,0,38,50,'喝的',3),(225,1,0,38,50,'吃的',1),(226,2,0,38,50,'喝的',3),(227,1,0,38,50,'吃的',1),(228,2,0,38,50,'喝的',3),(229,1,0,38,50,'吃的',1),(230,2,0,38,50,'喝的',3),(231,1,0,38,50,'吃的',1),(232,2,0,38,50,'喝的',3),(233,1,0,38,50,'吃的',1),(234,2,0,38,50,'喝的',3),(235,1,0,38,50,'吃的',1),(236,2,0,38,50,'喝的',3),(237,1,0,38,50,'吃的',1),(238,2,0,38,50,'喝的',3),(239,1,0,38,50,'吃的',1),(240,2,0,38,50,'喝的',3),(241,1,0,38,50,'吃的',1),(242,2,0,38,50,'喝的',3),(243,1,0,38,50,'吃的',1),(244,2,0,38,50,'喝的',3),(245,1,0,38,50,'吃的',1),(246,2,0,38,50,'喝的',3),(247,1,0,38,50,'吃的',1),(248,2,0,38,50,'喝的',3),(249,1,0,38,50,'吃的',1),(250,2,0,38,50,'喝的',3),(251,1,0,38,50,'吃的',1),(252,2,0,38,50,'喝的',3),(253,1,0,38,50,'吃的',1),(254,2,0,38,50,'喝的',3),(255,1,0,38,50,'吃的',1),(256,2,0,38,50,'喝的',3),(257,1,0,38,50,'吃的',1),(258,2,0,38,50,'喝的',3),(259,1,0,38,50,'吃的',1),(260,2,0,38,50,'喝的',3),(261,1,0,38,50,'吃的',1),(262,2,0,38,50,'喝的',3),(263,1,0,38,50,'吃的',1),(264,2,0,38,50,'喝的',3),(265,1,0,38,50,'吃的',1),(266,2,0,38,50,'喝的',3),(267,1,0,38,50,'吃的',1),(268,2,0,38,50,'喝的',3),(269,1,0,38,50,'吃的',1),(270,2,0,38,50,'喝的',3),(271,1,0,38,50,'吃的',1),(272,2,0,38,50,'喝的',3),(273,1,0,38,50,'吃的',1),(274,2,0,38,50,'喝的',3),(275,1,0,38,50,'吃的',1),(276,2,0,38,50,'喝的',3),(277,1,0,38,50,'吃的',1),(278,2,0,38,50,'喝的',3),(279,1,0,38,50,'lixin',1),(280,2,0,38,50,'lixin',3),(281,1,0,38,50,'lixin',1),(282,2,0,38,50,'lixin',3);

UNLOCK TABLES;

/*Table structure for table `products` */

DROP TABLE IF EXISTS `products`;

CREATE TABLE `products` (
  `product_id` int(11) NOT NULL AUTO_INCREMENT COMMENT '商品id',
  `product_name` varchar(50) NOT NULL COMMENT '商品名称',
  `brand_id` int(11) NOT NULL COMMENT '品牌id',
  `kind_id` int(11) NOT NULL COMMENT '种类id',
  PRIMARY KEY (`product_id`)
) ENGINE=InnoDB AUTO_INCREMENT=19 DEFAULT CHARSET=utf8 COMMENT='商品表';

/*Data for the table `products` */

LOCK TABLES `products` WRITE;

insert  into `products`(`product_id`,`product_name`,`brand_id`,`kind_id`) values (1,'lixin',0,2),(2,'香水',1,1),(3,'香水',1,2),(11,'cuijiahuan是智障',0,0),(12,'面膜',0,0),(13,'口红',0,0),(15,'ajdkl',1,1),(16,'ajdfl',1,1),(17,'口红666',0,0),(18,'口红666',0,0);

UNLOCK TABLES;

/*Table structure for table `shops` */

DROP TABLE IF EXISTS `shops`;

CREATE TABLE `shops` (
  `shop_id` int(11) NOT NULL AUTO_INCREMENT COMMENT '商家id',
  `shop_name` varchar(50) NOT NULL COMMENT '商家名称',
  `shop_tel` varchar(20) NOT NULL COMMENT '商家电话',
  `shop_address` varchar(50) NOT NULL COMMENT '商家地址',
  PRIMARY KEY (`shop_id`)
) ENGINE=InnoDB DEFAULT CHARSET=utf8 COMMENT='商家表';

/*Data for the table `shops` */

LOCK TABLES `shops` WRITE;

UNLOCK TABLES;

/*Table structure for table `userinfo` */

DROP TABLE IF EXISTS `userinfo`;

CREATE TABLE `userinfo` (
  `userinfo_id` int(11) NOT NULL AUTO_INCREMENT COMMENT '用户信息表id',
  `user_age` int(10) unsigned DEFAULT NULL COMMENT '用户年龄',
  `user_id` int(11) NOT NULL COMMENT '用户注册表id',
  `userinfo_nickname` varchar(20) DEFAULT NULL COMMENT '用户昵称',
  `userinfo_bir` date DEFAULT NULL COMMENT '用户生日',
  `userinfo_sign` varchar(100) DEFAULT NULL COMMENT '用户签名',
  PRIMARY KEY (`userinfo_id`)
) ENGINE=InnoDB DEFAULT CHARSET=utf8 COMMENT='用户信息表';

/*Data for the table `userinfo` */

LOCK TABLES `userinfo` WRITE;

UNLOCK TABLES;

/*Table structure for table `users` */

DROP TABLE IF EXISTS `users`;

CREATE TABLE `users` (
  `user_id` double NOT NULL AUTO_INCREMENT,
  `user_name` varchar(60) NOT NULL,
  `user_password` varchar(120) NOT NULL,
  `user_sex` double NOT NULL,
  `user_card` varchar(60) NOT NULL,
  `user_tel` varchar(60) NOT NULL,
  `user_photo` varchar(150) DEFAULT 'photo',
  `user_email` varchar(90) NOT NULL,
  PRIMARY KEY (`user_id`)
) ENGINE=InnoDB AUTO_INCREMENT=3 DEFAULT CHARSET=utf8;

/*Data for the table `users` */

LOCK TABLES `users` WRITE;

insert  into `users`(`user_id`,`user_name`,`user_password`,`user_sex`,`user_card`,`user_tel`,`user_photo`,`user_email`) values (2,'hahahah','asdsada',1,'asdasdasdasd','1321132132',NULL,'asdasdasd');

UNLOCK TABLES;

/*!40101 SET SQL_MODE=@OLD_SQL_MODE */;
/*!40014 SET FOREIGN_KEY_CHECKS=@OLD_FOREIGN_KEY_CHECKS */;
/*!40014 SET UNIQUE_CHECKS=@OLD_UNIQUE_CHECKS */;
/*!40111 SET SQL_NOTES=@OLD_SQL_NOTES */;
